sn_name,sn_ra,sn_dec,sn_redshift,host_candi_id,host_ra,host_dec,host_specz
ZTF18aabasml,166.4865,37.62513,0.0472,1237664667365474435,166.4865,37.62537,0.04720976
ZTF18aaasvcd,142.2297,49.23812,0.00911,1237657633799012471,142.2308,49.23848,0.009109695
ZTF18aabsyqp,162.8185,22.47762,0.07667,1237667549270507623,162.8194,22.4769,0.07667208
ZTF18aaaoaeq,155.5408,10.44,-99.0,1237661064418820260,155.5411,10.44061,0.1062282
ZTF18aaanzph,157.7435,23.7884,-99.0,1237667429027151921,157.747,23.78854,0.06369319
ZTF18aaajrso,205.9994,30.9336,0.085,1237665330397053052,206.0001,30.93211,-99.0
ZTF18aaadqua,26.7987,18.7986,0.07,1237679503793062254,26.78945,18.79915,-99.0
ZTF18aabtaor,172.0952,44.74899,0.07,1237661873473323175,172.0977,44.74915,0.07983481
ZTF18aabvpeg,122.15,20.06309,0.037000000000000005,1237673809192354233,122.1499,20.06305,0.03699661
ZTF18aabssme,155.7115,14.05479,0.04,1237661070861402277,155.71200000000005,14.0546,0.04168029
ZTF18aabtwqb,112.5859,18.19071,0.0738,1237660765902865483,112.5867,18.19055,-99.0
ZTF18aabyhlc,226.8452,38.41656,0.029,1237661433785286693,226.8468,38.4204,0.02901171
ZTF18aagrcir,215.6922,49.31229,0.077,1237661959909278554,215.6919,49.3112,-99.0
ZTF18aaguhgb,219.4542,45.54928,0.12429,1237661212582084760,219.4542,45.5484,0.12428789999999999
ZTF18aagrgao,251.8564,25.68507,0.114,1237662300840395048,251.8571,25.6848,0.11397260000000001
ZTF18aagrebu,250.9158,26.59625,0.055,1237662300839870484,250.9174,26.59667,0.05492675
ZTF18aagrcfl,236.0959,39.55809,0.048,1237662500004561215,236.0961,39.55894,0.04793393
ZTF18aaccuih,222.2231,38.76754,0.0316,1237661851481735334,222.2245,38.76825,0.03166167
ZTF18aagtcxj,248.0482,42.71342,0.032,1237655501882982651,248.0474,42.71381,0.03235259
ZTF18aagtdce,248.0482,42.71341,0.0324,1237655501882982651,248.0474,42.71381,0.03235259
ZTF18aahfgsk,181.2429,32.39138,0.053770000000000005,1237665226767204466,181.2458,32.39117,0.05376995
ZTF18aaibibr,261.6416,34.37355,0.062,1237665582724874628,261.6407,34.37393,-99.0
ZTF18aahpaoa,144.4555,12.46404,0.101,1237671260129722892,144.4555,12.46402,-99.0
ZTF18aahptcq,162.3181,26.37309,0.06348999999999999,1237667431176601683,162.3181,26.37011,0.06349391
ZTF18aahfxnn,176.5498,9.355021,0.08,1237660613439652108,176.5487,9.354749,-99.0
ZTF18aahesrp,128.9393,28.2703,0.05,1237661088032555305,128.939,28.27048,-99.0
ZTF18aahrdpu,127.808,28.28023,0.11,1237660961861075060,127.8079,28.28026,-99.0
ZTF18aaigbvt,174.1157,17.92138,0.11,1237668586508845263,174.1156,17.92141,-99.0
ZTF18aairuad,177.9397,57.7995,0.06457,1237661353779396732,177.9373,57.79986,0.06456795
ZTF18aahqavd,159.5166,45.25663,0.12,1237660636533293293,159.516,45.25712,-99.0
ZTF18aajsbbq,258.7636,34.82796,0.07,1237671936044237123,258.7636,34.82801,-99.0
ZTF18aailvrv,219.8887,29.71136,0.07,1237665102213218477,219.8904,29.71373,0.06212882
ZTF18aahpzhc,153.2345,46.41811,0.039,1237658614123659296,153.2319,46.4177,0.03821306
ZTF18aaiwkwk,239.1929,35.02465,0.0858,1237662474228924588,239.1931,35.02507,0.08583829
ZTF18aahjafd,198.2745,23.45951,0.0359,1237667446198304861,198.2744,23.45935,0.0358346
ZTF18aajwdwz,124.9178,27.53044,0.1,1237660958645616850,124.9148,27.53115,0.09719001
ZTF18aahjaxz,193.456,29.59075,0.0463,1237667254019031139,193.4525,29.58838,0.04630438
ZTF18aajnyyp,219.3741,43.6742,0.085,1237661210434928646,219.3741,43.67405,0.08496041
ZTF18aajhdsz,159.6495,35.97141,0.067,1237664880493789327,159.6499,35.97128,-99.0
ZTF18aakdyym,210.0158,61.08566,0.113,1237655465921347758,210.017,61.08572,-99.0
ZTF18aalcxig,269.9594,40.82616,0.07400000000000001,1237659898328777215,269.9601,40.82663,-99.0
ZTF18aaommeg,254.7149,30.18501,0.1,1237659324960473637,254.7148,30.18521,-99.0
ZTF18aahfzea,181.3611,20.29905,0.024,1237667915955699979,181.3663,20.30875,0.02435577
ZTF18aakecej,203.7733,53.8752,0.06645,1237658917997838485,203.7681,53.87339,0.06645045
ZTF18aakcsqt,184.5106,19.62082,0.084,1237668297667051874,184.5107,19.62061,-99.0
ZTF18aaphzut,187.3233,6.341142,0.086,1237661970112840095,187.3231,6.341092,-99.0
ZTF18aaqcqve,198.0979,47.45072,0.12,1237661435385938656,198.098,47.4507,-99.0
ZTF18aaobguk,178.0493,51.36015,0.13,1237657855535612056,178.0495,51.36533,-99.0
ZTF18aamigmk,269.4177,50.03865,0.017,1237656564367032365,269.41900000000004,50.03354,-99.0
ZTF18aaocqhe,199.858,66.39185,0.122,1237651272440021114,199.858,66.39208,-99.0
ZTF18aapuntm,250.71,43.66258,0.11,1237651714262893067,250.71,43.66262,-99.0
ZTF18aaqcqkv,196.5103,48.27735,0.12,1237661149768187987,196.5103,48.27742,-99.0
ZTF18aaobjwr,174.1462,34.58953,0.1104,1237665128540012761,174.1452,34.58945,0.11040530000000001
ZTF18aaqjvjr,189.6217,39.00307,0.12,1237664667373404397,189.6215,39.00313,-99.0
ZTF18aaqcqvr,193.8528,45.57834,0.07,1237661874016878801,193.8528,45.57877,-99.0
ZTF18aapsedq,215.396,49.54719,0.065,1237662303508627634,215.3993,49.55124,0.07193439
ZTF18aaocrmb,179.525,58.98605,0.106,1237658310792380848,179.5251,58.98606,-99.0
ZTF18aaqehoc,228.1856,40.10992,0.0622,1237661210438140055,228.1856,40.1099,0.062157900000000016
ZTF18aaovbiy,231.6596,28.86627,0.0774,1237662661602968040,231.6598,28.86633,0.07743099
ZTF18aaqculk,223.0853,30.90583,0.094,1237664853110358797,223.0858,30.90595,-99.0
ZTF18aaqcozd,190.5631,42.27168,0.073,1237662194528354310,190.5596,42.26644,0.07321198
ZTF18aahqmsr,159.6496,35.97117,0.085,1237664880493789327,159.6499,35.97128,-99.0
ZTF18aakoylt,179.5498,49.32051,0.08761000000000001,1237658203973091435,179.5478,49.32077,0.08760596
ZTF18aaqqhis,155.7601,45.70252,0.06,1237658612513636451,155.76,45.70248,-99.0
ZTF18aaqjxid,200.8416,45.64423,0.11,1237661360760750448,200.8409,45.64501,-99.0
ZTF18aaqpjja,122.4735,35.07738,0.06236000000000001,1237657594075283477,122.4737,35.0766,0.06235965
ZTF18aarldnh,195.6555,55.92573,0.10772,1237661416060682348,195.656,55.9242,0.1077247
ZTF18aaqkqxi,167.9691,39.60503,0.0761,1237662226209308779,167.96900000000005,39.60504,0.07609885
ZTF18aarbify,155.0878,29.412640000000003,0.0811,1237664869218255059,155.0878,29.41263,0.08116088
ZTF18aarbgdn,155.6713,15.93911,0.0445,1237668496310206652,155.6714,15.93941,0.04449056
ZTF18aarcypa,167.4593,28.97138,0.032,1237667211596464313,167.4596,28.97134,0.03203689
ZTF18aaqgadq,222.2861,16.457720000000002,0.0719,1237668272443687096,222.287,16.45765,0.07191038
ZTF18aaqpkvx,118.7632,14.35757,0.0842,1237667255599104396,118.7634,14.357679999999998,0.08422649
ZTF18aataafd,214.8373,36.17211,0.077,1237662225151623376,214.8367,36.17228,0.07699823
ZTF18aaqcugm,202.053,53.916030000000006,0.06,1237658802042372158,202.0534,53.91171,0.06183284
ZTF18aarohda,195.6404,36.38749,0.106,1237664672179159150,195.6405,36.38702,-99.0
ZTF18aarqnje,251.3533,35.95604,0.115,1237659326568333845,251.3519,35.95577,-99.0
ZTF18abmjyvo,244.9343,50.55187,0.05584,1237654949452710042,244.9179,50.55401,0.05584438
ZTF18aasesgl,208.6127,39.72263,0.0858,1237662306187280568,208.6127,39.72259,0.08578687
ZTF18aaroihe,173.2606,62.74396,0.04825,1237655370896375907,173.2616,62.74652,0.04825287
ZTF18aahheaj,195.1105,18.61937,0.048,1237668296597700818,195.1118,18.61976,0.05270904
ZTF18aaqjhqz,129.9276,41.01537,0.1,1237657606963528041,129.9275,41.01654,-99.0
ZTF18aarxzmv,190.3997,35.57699,0.07,1237665025980760084,190.4032,35.57424,-99.0
ZTF18aaripcr,222.4095,25.37014,0.033927,1237665429711159362,222.3993,25.38133,0.03414708
ZTF18aasdted,261.4131,59.44677,0.01815,1237656529455939872,261.4097,59.44679,0.01815375
ZTF18aagstdc,237.5148,42.08848,0.03,1237659161199772454,237.5149,42.08845,-99.0
ZTF18aaqgbju,236.5666,29.09461,0.1,1237662340011196847,236.5667,29.09422,-99.0
ZTF18aaunfqq,238.58,39.45392,0.07109,1237659118794834035,238.5796,39.45388,0.07108651
ZTF18aauworo,239.671,21.12044,0.04981,1237665537078133157,239.6696,21.11749,0.04981421
ZTF18aavjnfx,248.9282,4.825874,0.06,1237662198293005502,248.929,4.8259120000000015,-99.0
ZTF18aauizcr,173.6161,46.36263,0.033839999999999995,1237660634927005771,173.6187,46.36058,0.03384244
ZTF18aauxltf,224.3692,5.842294,0.05,1237655744018579649,224.3674,5.843905,0.05862162
ZTF18aauhxce,177.5688,51.45344,0.08308,1237657628453437679,177.5678,51.45026,0.0830808
ZTF18aaumlfl,244.2708,50.79245,0.08737,1237668611197436158,244.2695,50.79015,0.08737274
ZTF18aawcwsx,160.1394,47.0401,0.09,1237658204504260682,160.1392,47.04023,-99.0
ZTF18aarktll,165.6192,34.30243,0.11,1237665129610739923,165.6204,34.30267,-99.0
ZTF18aavnxar,194.3443,26.81488,0.085,1237667322723762350,194.3444,26.81485,0.08503866
ZTF18aarymnz,109.4831,40.98549000000001,0.023,1237673706650140823,109.4877,40.98308,-99.0
ZTF18aasrssa,163.1663,19.94579,0.05,1237667781215191200,163.1694,19.94478,0.03011233
ZTF18aaxcntm,247.0464,39.82013,0.026792000000000003,1237659330852028671,247.0482,39.82191,0.02679243
ZTF18aabxrjp,185.5432,26.99455,0.0792,1237667442434441342,185.5435,26.99454,0.07917714
ZTF18aauvnhh,213.3438,22.57835,0.058,1237665566606491809,213.3435,22.5781,0.05830778
ZTF18aaqfziz,224.7691,19.58725,0.05383,1237665566074470519,224.7672,19.5873,0.05382606
ZTF18aawtveo,253.3543,64.12435,0.16,1237671769078563124,253.3544,64.12428,-99.0
ZTF18aawpcel,195.321,59.81003000000001,0.15,1237658312406466772,195.3187,59.80994000000001,-99.0
ZTF18aaqffyp,231.945,34.9482,0.073,1237661873493442732,231.9465,34.94871,-99.0
ZTF18aavrwhu,206.7352,43.13728,0.06201,1237661851476295747,206.7343,43.13752,0.06201363
ZTF18aaxdrjn,185.0069,56.15886,0.0339,1237657591934025821,185.0063,56.16291999999999,0.03391414
ZTF18aaxkfos,160.338,45.67039000000001,0.075,1237661358610710616,160.3378,45.67036,-99.0
ZTF18aaxmixe,216.6674,7.61832,0.1,1237662269142860020,216.6673,7.618302000000001,-99.0
ZTF18aaxmacd,185.1423,22.84233,0.14,1237667735582671408,185.1422,22.84207,-99.0
ZTF18aaydmkh,260.1611,52.04193,0.0845,1237651211216355636,260.1609,52.04192000000001,-99.0
ZTF18aawxlxf,165.5706,58.23402,0.08213,1237655107836706897,165.5739,58.23561,0.08212955
ZTF18aaykuzt,222.7471,55.19419,0.105,1237659327093211928,222.747,55.19422,-99.0
ZTF18aaxxewy,216.1892,5.839848,0.08199999999999999,1237662266995245194,216.1895,5.8392050000000015,0.07998238
ZTF18aaxnkos,156.5272,47.27429,0.0628,1237658614124707965,156.5266,47.2732,0.06282137
ZTF18aaylcvo,232.0435,16.92911,0.046,1237668335783116949,232.0418,16.9306,0.04446448
ZTF18aayivxm,183.4496,40.71565,0.1,1237664669518790822,183.4495,40.71483,0.08753328
ZTF18aayxupv,183.3874,25.45156,0.047,1237667912203239535,183.3875,25.45125,-99.0
ZTF18aaxxfah,223.7017,5.507432,0.062,1237655743481446665,223.7005,5.506802,0.05672902
ZTF18aaylbjm,249.6333,5.126473000000002,0.09,1237662198830138199,249.6333,5.12662,-99.0
ZTF18aayivoq,180.4786,36.8952,0.0792,1237664818212831343,180.4787,36.89522,0.07924838
ZTF18aazixbw,244.7416,56.71688,0.0594,1237665582713864364,244.7425,56.71506,-99.0
ZTF18aajpjdi,199.5276,27.87339,0.0746,1237667444587298906,199.5276,27.87315,0.07461706
ZTF18aazgfkq,174.6235,20.52869,0.028,1237667916489818174,174.6228,20.52771,-99.0
ZTF18aaxvpsw,224.9766,39.07883,0.0916,1237661360769007833,224.9765,39.07877,0.09156192
ZTF18aawczad,194.5695,27.72928,0.0682,1237667323797569720,194.5701,27.72967,0.06823571
ZTF18abatffv,208.6391,40.16995,0.14,1237662306724085970,208.6406,40.17059,-99.0
ZTF18abbpeqo,238.2268,50.61947,0.06677999999999999,1237655349964832923,238.2257,50.61875,0.06678188
ZTF18aazxthg,202.9807,23.28322,0.045,1237667910600425814,202.9828,23.2824,-99.0
ZTF18abbodly,331.4056,44.83766,0.0188,1237672026780336738,331.4056,44.83788,-99.0
ZTF18abadjhx,315.2053,9.524493,0.076,1237653007582627077,315.2054,9.524095,-99.0
ZTF18aayiahw,209.8083,28.54077,0.06368,1237665443132080278,209.8122,28.53882,0.06368332
ZTF18aaxcfbt,164.6129,51.69578,0.06811,1237657630597513335,164.6133,51.69559,0.06811125
ZTF18aazjztm,260.1017,55.21465,0.07200000000000001,1237651212288786656,260.1015,55.214180000000006,0.07206996
ZTF18abclalx,248.8601,62.53434,0.1,1237671939265790331,248.8607,62.53405,-99.0
ZTF18abckujg,222.9735,46.64575,0.07400000000000001,1237662302974312661,222.9742,46.64646,-99.0
ZTF18abbvsiv,261.1335,70.37245,0.051,1237655748310663502,261.131,70.37312,-99.0
ZTF18abcicrq,205.2832,28.88652,0.105,1237665442593505404,205.2839,28.88633,-99.0
ZTF18abckujq,181.6692,59.51336,0.06383,1237658311329710301,181.6718,59.51493000000001,0.06382665
ZTF18abcdzyc,195.4404,61.46548000000001,0.0557,1237655463770914947,195.4406,61.46548000000001,0.05572366
ZTF18aazhwnh,233.0148,23.51704,0.0907,1237665536538378272,233.0147,23.517,0.09071805
ZTF18abcrtnq,198.893,28.34291,0.10151,1237665427554500700,198.8919,28.341490000000004,0.10151239999999999
ZTF18abcrxoj,239.2596,37.41718,0.0309,1237662500006002900,239.2613,37.41668,0.03086616
ZTF18abcpolh,226.9942,1.232398,0.03512,1237651735777509473,226.9971,1.231732,0.03512064
ZTF18abcryxz,181.1495,12.55679,0.0646,1237661812810055830,181.1497,12.55675,0.06460381
ZTF18abcxyjp,214.575,28.97329,0.04216,1237665179521187909,214.5771,28.96832,0.04215854
ZTF18abdbuty,253.1973,51.56343,0.08,1237665584864362841,253.1978,51.56366,-99.0
ZTF18abdfazk,216.9802,40.97435,0.09,1237661873487610113,216.9807,40.97443,-99.0
ZTF18abdfaqi,223.493,26.00197,0.04828,1237665178987987117,223.4939,26.00159,0.04827984
ZTF18abdgwxn,261.4228,23.86915,0.0638,1237655374118978054,261.4218,23.87053,-99.0
ZTF18abddrhd,241.2673,36.09409,0.09,1237662500006854730,241.2672,36.09446,-99.0
ZTF18abdiqdh,184.6835,44.78197,0.03834,1237661872403447862,184.6847,44.78118,0.03834132
ZTF18abealop,240.9351,54.3041,0.06658,1237654949987614775,240.9342,54.30356999999999,0.06658341
ZTF18abetehf,233.4872,31.16984,0.064927,1237662340546625732,233.4863,31.16915,0.06492737
ZTF18abdrmin,222.0234,63.21666999999999,0.05154,1237674479197814996,222.0258,63.21661,0.05153504
ZTF18abetewu,217.3091,46.05086,0.08,1237658205594779813,217.30900000000003,46.05086,-99.0
ZTF18abcvush,256.6834,18.35706,0.05,1237662336264045004,256.6836,18.35712,-99.0
ZTF18aansqun,251.2921,42.71788,0.05964,1237655504567926803,251.2921,42.7177,0.05964478
ZTF18aavnvmp,204.697,30.95958,0.064,1237665330396594427,204.6969,30.9596,-99.0
ZTF18abetejo,208.644,42.77465,0.07,1237661851476885676,208.6436,42.77437000000001,0.06337692
ZTF18abfzkno,258.1289,26.01861,0.09,1237659329785561834,258.1289,26.01856,-99.0
ZTF18abgledy,236.4234,11.95276,0.07,1237668333108658811,236.4242,11.95354,-99.0
ZTF18abdrbok,213.6186,23.00800000000001,0.14,1237665567143428225,213.6187,23.00827,-99.0
ZTF18abespgb,216.8033,16.86267,0.05,1237668297680486548,216.8034,16.862820000000006,-99.0
ZTF18abhhnnv,252.4876,27.64082,0.0638,1237662302987419994,252.4907,27.64101,0.06380205
ZTF18abgqkpc,217.541,55.88641,0.108,1237659326018224217,217.5408,55.88622,0.1082427
ZTF18abgosbg,287.1690000000001,78.47771,0.08,1237663268797809079,287.1678,78.47847,-99.0
ZTF18abixkjh,232.5885,27.62952,0.07,1237664853651095654,232.5879,27.62912,-99.0
ZTF18aailmnv,214.2021,58.4854,0.08,1237655463775174826,214.2023,58.48596,-99.0
ZTF18abiinnl,330.1738,19.66614,0.02476,1237666243607134632,330.1695,19.66788,-99.0
ZTF18abfwuwn,251.4282,37.89043,0.1,1237655473432887529,251.4298,37.89174000000001,-99.0
ZTF18abjvhec,226.3768,30.91026,0.0569,1237662223545794567,226.3789,30.91079,0.056900099999999995
ZTF18abilofa,338.785,17.38907,0.07,1237666185636741423,338.784,17.3896,-99.0
ZTF18abjtgdo,226.0984,61.62145,0.07393,1237651539257131111,226.0976,61.62119000000001,0.07392846
ZTF18abiirfq,185.6534,47.96926,0.0499,1237661358081441903,185.6534,47.96912,0.04990525
ZTF18abjwahi,240.0149,23.38073,0.1,1237662697038020910,240.0148,23.38095,-99.0
ZTF18abixkdo,243.9521,19.65704,0.03,1237665102223704439,243.9523,19.66231,0.03034527
ZTF18abkhcwl,236.5296,29.73347,0.031639999999999995,1237662306735030572,236.5313,29.73304000000001,0.03164368
ZTF18abhqdpv,339.338,22.37957,0.078,1237666244684808574,339.3381,22.37985,-99.0
ZTF18aartjmf,231.745,8.261491,0.0878,1237662198822273075,231.7448,8.262015,0.0878217
ZTF18abjrfqx,332.0974,11.37928,0.04,1237678860070289583,332.0959,11.37951,-99.0
ZTF18abjvzxx,240.2726,11.94419,0.0503,1237668272451551336,240.2789,11.94545,0.05033761
ZTF18acnbpkq,197.6763,12.67697,0.03586,1237661817636192624,197.6792,12.6755,0.03586059
ZTF18ablmflp,211.0965,60.02444000000001,0.0427,1237655464847999173,211.0933,60.02692,0.0426961
ZTF18ablhvfr,235.0462,61.53001,0.085,1237671941410521223,235.0448,61.52948000000001,-99.0
ZTF18ablrljh,248.8439,22.46848,0.094,1237662341090574610,248.8439,22.46844,0.09395919999999999
ZTF18abklaoj,223.3846,3.070487,0.02893,1237654879130091648,223.3872,3.077291,0.02795989
ZTF18abltdkd,243.5862,3.23195,0.027000000000000003,1237655742953292992,243.5854,3.232636,-99.0
ZTF18ablqlzp,234.1333,41.7999,0.0414,1237662303515246792,234.1347,41.7993,-99.0
ZTF18abgkjff,227.6687,8.574303,0.044910000000000005,1237662198283632688,227.6661,8.571636,0.04490508
ZTF18abktphg,340.2617,20.72556,0.07,1237680298346807723,340.2623,20.72552,-99.0
ZTF18acefhxx,144.6784,9.082929,0.08,1237661064414101618,144.6809,9.083422,0.07786541
ZTF18ablqkba,244.8287,36.49037,0.15,1237659161203245622,244.8289,36.49097,-99.0
ZTF18ablqjul,226.913,38.21366,0.1,1237661360769794534,226.9131,38.21367,-99.0
ZTF18ablqkud,249.4166,25.32091,0.06808,1237662336796655821,249.4164,25.31996,0.0680796
ZTF18ablongw,262.6781,62.83113,0.08181000000000001,1237655746703327558,262.6783,62.8315,0.08181214
ZTF18abmogag,13.30422,20.71471,0.0823,1237679504861233188,13.303679999999998,20.71478,0.08222634
ZTF18ablqhqx,206.7275,32.44286,0.11,1237665024376176755,206.7238,32.44384,0.1104296
ZTF18abmjvuf,230.3098,30.636640000000003,0.075,1237662225157784255,230.3065,30.63696,-99.0
ZTF18abnonwz,195.3027,39.75644000000001,0.07,1237664295293813055,195.3008,39.75562,-99.0
ZTF18abntsgz,328.652,18.11552,0.05,1237680297805021686,328.6501,18.11479,-99.0
ZTF18abmxfrc,252.7534,25.87597,0.06,1237662499476210466,252.7534,25.87636,-99.0
ZTF18abmrhom,325.0471,21.55839,0.07,1237680306393056127,325.0473,21.55844,-99.0
ZTF18abmoung,225.9381,61.56789000000001,0.06589,1237651539257065689,225.9378,61.56742,0.06583611
ZTF18abnvnqb,267.4286,54.39919,0.1,1237655747780936400,267.42900000000003,54.39918,-99.0
ZTF18abkhdxe,277.8432,63.7415,0.105,1237671939271491947,277.842,63.7415,-99.0
ZTF18aasprui,243.6407,36.9434,0.03796,1237665357231357992,243.6402,36.94379,0.03796067
ZTF18ablqqqp,253.1301,23.38353,0.1,1237662337872102360,253.1296,23.38376,-99.0
ZTF18abnxhmc,329.7575,11.10369,0.08,1237656494026916424,329.7584,11.10126,0.07641185
ZTF18abmxahs,257.5465,21.64904,0.0148,1237659152614359239,257.5461,21.64959,0.01478627
ZTF18abobkii,243.6958,43.30529,0.0597,1237665357234110752,243.6957,43.30527,0.05974455
ZTF18aboaeqy,242.6767,42.59406,0.115,1237659325490528445,242.6763,42.59404,-99.0
ZTF18abncimo,336.9034,22.89531,0.05684,1237666245757632653,336.9036,22.89524,-99.0
ZTF18abnygkb,328.5,8.114686,0.07,1237678846647206564,328.5001,8.115031,-99.0
ZTF18abpamut,234.5126,51.36036,0.07400000000000001,1237655464854880435,234.5135,51.36017,-99.0
ZTF18abddmrf,226.9673,38.04847,0.17,1237661433248547458,226.9678,38.049,-99.0
ZTF18abmjvpb,239.5487,19.76521,0.066077,1237665535467716871,239.5551,19.76671,0.06599487
ZTF18aboztta,246.4449,20.42581,0.106,1237662223554904989,246.4447,20.42598,-99.0
ZTF18abpmmpo,251.9775,42.96878,0.08,1237651714800288225,251.9771,42.9684,-99.0
ZTF18aboztku,243.4232,10.65852,0.0802,1237668271916122599,243.4232,10.65862,0.08016846
ZTF18abmwpyl,354.362,21.90345,0.13,1237680297815703935,354.3621,21.9064,-99.0
ZTF18abpttky,258.5604,36.45897,0.084,1237654954819388078,258.5604,36.45889,-99.0
ZTF18abrlupd,245.6206,51.64223,0.055,1237665569292157075,245.6214,51.64196,-99.0
ZTF18abrqedj,103.0894,27.4708,0.036745,1237673738322641929,103.0892,27.47085,-99.0
ZTF18abqjurg,227.0176,37.25153,0.0793,1237661873491411157,227.0188,37.25167,0.07931267
ZTF18abqbavl,255.874,41.64532,0.14,1237665570371207779,255.8728,41.64482,-99.0
ZTF18abqlpgq,340.1028,16.19079,0.095268,1237666183489192310,340.101,16.189239999999998,0.09526871
ZTF18abryqnn,355.1913,14.100370000000002,0.063,1237656241170022674,355.1915,14.10028,-99.0
ZTF18abosrco,352.4718,27.377990000000004,0.023823,1237680277404451103,352.4724,27.37962000000001,-99.0
ZTF18abptsco,261.7142,34.24662,0.12,1237665582724875148,261.7142,34.24663,-99.0
ZTF18abmwnov,3.757664,34.81145,0.04777,1237659936437370911,3.758472,34.80834,-99.0
ZTF18abrwudp,217.5265,58.7868,0.13,1237655370368942295,217.525,58.78693000000001,-99.0
ZTF18abqjvyl,225.2652,44.15654,0.0877,1237662301364879759,225.2655,44.15656,-99.0
ZTF18aawjywv,268.7502,42.89834000000001,0.04,1237668726628221100,268.7506,42.89907,-99.0
ZTF18aaxsioa,252.4129,45.49228,0.03,1237665569832370493,252.4138,45.49274000000001,-99.0
ZTF18abolvoh,343.5488,5.064042,0.049,1237678777934086272,343.5477,5.0637919999999985,-99.0
ZTF18abfhaji,263.8093,54.24688,0.09,1237656529458299158,263.8103,54.24637,-99.0
ZTF18absbsoz,346.9652,23.20407,0.081,1237666183493386508,346.9631,23.20302,-99.0
ZTF18aaxkjmm,236.3713,35.85523,0.0661,1237662473154199933,236.3712,35.85527000000001,-99.0
ZTF18ablvime,1.755282,33.18287,0.14,1237680479267652282,1.7553450000000002,33.182990000000004,-99.0
ZTF18abrzbyt,117.2806,32.98062,0.02766,1237674289144529239,117.2779,32.97885,0.02689051
ZTF18abrytwr,46.61169,41.21383,0.06,1237661081587745346,46.61167,41.21386,-99.0
ZTF18abrzrnb,222.2358,52.59344,0.12,1237661388680921426,222.2363,52.5929,-99.0
ZTF18abotcjv,26.03449,7.977053,0.062,1237667229830414632,26.03481,7.976871000000001,-99.0
ZTF18abssukb,227.2636,31.94108,0.11,1237662225156473048,227.2624,31.94009,0.11025560000000001
ZTF18abtfrbf,7.602641,-1.264157,0.0569,1237678882097660056,7.6023710000000015,-1.262365,0.05702774
ZTF18absdjms,271.2031,24.95402,0.08,1237666211929653869,271.2026,24.95408,-99.0
ZTF18abshtdj,23.67311,-5.634792,0.062556,1237679253056127079,23.6743,-5.631642,-99.0
ZTF18abshmro,36.6971,-9.06731,0.0543,1237673700741808178,36.69735,-9.066974,0.05430928
ZTF18absqhza,24.04691,27.27481,0.06,1237679564986056780,24.04512,27.27765,-99.0
ZTF18abssuxz,244.4516,41.46955,0.0649,1237659330314109024,244.4506,41.47038,0.06491995
ZTF18absgnio,351.2358,9.4313,0.06,1237678906241908887,351.2358,9.431281,-99.0
ZTF18absyyig,338.2876,4.1297510000000015,0.041,1237678824640020719,338.2876,4.129522,-99.0
ZTF18abtmbaz,31.41899,19.09217,0.069,1237679540827848918,31.41915,19.09208,-99.0
ZTF18abtfvsk,18.82545,-6.85907,0.02,1237680243069223051,18.82417,-6.858494,-99.0
ZTF18abtogdl,267.7971,53.31446999999999,0.105,1237655747781395043,267.797,53.31446,-99.0
ZTF18absstyb,238.0925,22.93234,0.052729999999999985,1237665128564720069,238.0915,22.9322,0.0527325
ZTF18abupgql,19.0154,-0.1174502,0.046,1237666339190014082,19.0138,-0.1146431,0.04616641
ZTF18abtrvkm,41.49721,42.5415,0.038643,1237661119701057801,41.49891,42.5423,-99.0
ZTF18abuhyjv,39.06522,-1.199655,0.0471,1237660024520835206,39.06508,-1.200052,0.04711996
ZTF18abuhzfc,16.16165,-4.258173,0.0383,1237679255200334055,16.16169,-4.258133,-99.0
ZTF18abvejbm,14.26092,-0.8738551999999999,0.044160000000000005,1237666338114240519,14.25854,-0.8751883,0.04416009
ZTF18abvbayb,262.8015,79.0543,0.13,1237663269869519115,262.7966,79.05325,-99.0
ZTF18abqapch,7.043359,37.26034,0.08800000000000001,1237659931070169987,7.043642,37.25989000000001,-99.0
ZTF18abujbio,119.408,44.74683,0.07200000000000001,1237651495757480209,119.409,44.74676,-99.0
ZTF18abuiknd,29.35918,8.917311999999997,0.104,1237678833226874995,29.36162,8.916607,-99.0
ZTF18abuxjrd,25.01803,15.07098,0.0713,1237649921117454553,25.01797,15.07104,0.07132095
ZTF18aaxzhzf,186.1607,16.46124,0.11,1237668623012921691,186.1607,16.46128,-99.0
ZTF18abtxvhy,344.8033,0.4049884,0.07200000000000001,1237663444906279277,344.8033,0.4053203,-99.0
ZTF18abvxqtp,359.3701,-6.603816,0.073,1237680243597639772,359.3676,-6.6050710000000015,-99.0
ZTF18abwkzuc,108.9102,37.57409000000001,0.065,1237663655341523438,108.9089,37.57458,-99.0
ZTF18abwclem,130.687,10.69515,0.06,1237671261734371792,130.6871,10.69457,-99.0
ZTF18abufwxs,353.5387,22.09264,0.0712,1237679477467709915,353.539,22.09259,-99.0
ZTF18abwckzf,126.8255,10.99924,0.087,1237667781199397157,126.8251,10.99966,-99.0
ZTF18abwlonm,129.5964,19.47044,0.0702,1237667107964977491,129.5963,19.46989,0.07018422
ZTF18abwkgvf,27.0202,-6.795922,0.11,1237679439347909225,27.01977,-6.796236,-99.0
ZTF18abxxssh,268.3956,43.21611,0.07,1237668679920583719,268.3977,43.21452,-99.0
ZTF18abwxhjo,358.6284,-4.785466,0.08,1237679323382349976,358.6277,-4.786135,-99.0
ZTF18abxroxl,24.58952,3.489804,0.06,1237680097553285278,24.58883,3.490184,-99.0
ZTF18abxbugc,157.0562,79.34035,0.036000000000000004,1237671071690785011,157.0507,79.34019,-99.0
ZTF18abxyudf,330.3567,10.6486,0.11,1237678859532632394,330.3558,10.64965,-99.0
ZTF18abxbwwf,251.5365,19.45478,0.0599695,1237662663759364441,251.5366,19.45448,0.0599695
ZTF18abwwuug,356.3429,13.06093,0.065,1237678860080644267,356.346,13.05999,-99.0
ZTF18abwmuua,249.6433,31.87302,0.06423999999999999,1237659154219532469,249.6434,31.87298,0.06424318
ZTF18abyzksx,334.2042,8.545278999999999,0.1,1237679009314439884,334.2037,8.545174000000001,-99.0
ZTF18abwwfyo,321.6966,-4.79277,0.1,1237680189358277375,321.6967,-4.793482,-99.0
ZTF18abzpbpi,135.1315,36.46187000000001,0.0893,1237658203421147337,135.1311,36.46106,0.08929988
ZTF18abvbpku,328.404,7.2350850000000015,0.12,1237678845573399305,328.4038,7.234623,-99.0
ZTF18abyzlhn,338.2053,-1.852668,0.055699,1237678881011073203,338.2067,-1.851082,-99.0
ZTF18abyxwrf,43.90014,43.05759000000001,0.020908000000000003,1237661121312260236,43.90073,43.05803,-99.0
ZTF18abwohjb,345.30400000000014,5.132743,0.15,1237679006094131851,345.3039,5.132586,-99.0
ZTF18abuqugw,244.5577,39.12382,0.03104,1237659163349876967,244.5575,39.12365,0.03104095
ZTF18abzwdsj,343.1625,10.61821,0.077,1237678857927524470,343.162,10.61744,-99.0
ZTF18abzsflf,353.7323,22.02585,0.095,1237679477467775186,353.7319,22.02629,-99.0
ZTF18acatfls,353.7586,7.376517999999999,0.036000000000000004,1237669517976010948,353.756,7.375039,-99.0
ZTF18acbufud,28.79157,2.484681,0.084,1237678619041005723,28.79033,2.484474,0.08420382
ZTF18acbudzo,15.65996,-6.392695,0.044,1237680243604717653,15.65086,-6.3926050000000005,-99.0
ZTF18acbujhw,39.61605,29.75901,0.016944999999999998,1237670961625759793,39.61434000000001,29.75801,-99.0
ZTF18acatuts,336.4974,3.458288,0.04,1237678776320327781,336.4959,3.460011,-99.0
ZTF18acbudzh,9.833625,-10.47898,0.037000000000000005,1237652946919292996,9.833871,-10.48208,0.03634158
ZTF18acbwlpj,269.1813,41.77808,0.05,1237659897791447229,269.1789,41.77676,-99.0
ZTF18acbwawc,170.9729,58.14286,0.04,1237655106764144668,170.9713,58.1448,-99.0
ZTF18acbznkf,166.6342,58.07901,0.11,1237658302743576763,166.6342,58.07903,-99.0
ZTF18acbwaax,149.675,44.51189,0.073,1237658205037724252,149.6751,44.5119,-99.0
ZTF18aaqkjuw,174.7937,56.13626,0.0966,1237657610728046674,174.7937,56.13629,0.09656397
ZTF18acbzojv,155.6175,36.59962,0.02614,1237664668972286077,155.6251,36.5993,-99.0
ZTF18acbwarv,161.8968,41.7149,0.06,1237661849851330651,161.8959,41.71435,0.06453508
ZTF18accbppp,354.3002,16.0343,0.0649,1237679454922670259,354.298,16.03279,-99.0
ZTF18acbzpag,179.7058,35.13384,0.07,1237665025440088173,179.7081,35.13364,-99.0
ZTF18acbwghc,169.4848,27.591040000000003,0.08,1237667324324741314,169.4856,27.591390000000004,-99.0
ZTF18accjecm,14.88327,12.75163,0.056,1237678920211038300,14.8833,12.75171,-99.0
ZTF18acbwtnh,319.6434,2.422687,0.09,1237678598072829111,319.6432,2.42258,-99.0
ZTF18acbvgqw,46.5121,-15.611579999999998,0.008673,1237667245407862793,46.51249,-15.61115,-99.0
ZTF18acbxmvy,354.254,21.431520000000006,0.05,1237680297278767936,354.2541,21.43136,-99.0
ZTF18acbxsap,7.237558,-3.643225,0.08,1237679433447899203,7.239019,-3.643687,-99.0
ZTF18accrorf,17.162979999999994,20.0799,0.04,1237666091664539686,17.16197,20.07927,-99.0
ZTF18acbzpxx,128.1834,31.18347,0.0883,1237660635984101659,128.1836,31.18311,0.08834532
ZTF18acbwasl,156.8749,37.8744,0.1,1237661136887218298,156.8749,37.87489,-99.0
ZTF18acbxkpa,355.7259,-5.3042,0.075,1237680117421047928,355.728,-5.299487999999998,-99.0
ZTF18acbyyff,29.48306,-16.335820000000002,0.076,1237673699663609975,29.48352,-16.335820000000002,-99.0
ZTF18aaemivw,158.4279,39.49079,0.0654,1237661383314047047,158.428,39.49078,0.06806319
ZTF18acaqbvs,275.1383,41.96808,0.031,1237668679922811429,275.1393,41.9687,-99.0
ZTF18acbwppb,315.6236,-6.649838000000001,0.04,1237652599562699725,315.6236,-6.649744,-99.0
ZTF18abzbkby,32.90943,14.202329999999998,0.0259,1237670960007807236,32.90935,14.20326,0.02588561
ZTF18acckoil,37.98089,3.126043,0.029,1237678620118810811,37.98036,3.125596,-99.0
ZTF18acchvwh,2.19826,-3.365597,0.07,1237678434325364809,2.197678,-3.3658940000000004,-99.0
ZTF18accnnyu,142.6243,16.34365,0.02891,1237667781743345735,142.6243,16.34339,0.02890779
ZTF18acchzkf,14.09007,-2.50375,0.06,1237678880489930895,14.090129999999998,-2.503284,-99.0
ZTF18aceynvm,153.8757,37.98335,0.06,1237661137960042638,153.8745,37.98409,0.05396527
ZTF18acbwxgn,337.1796,8.103731,0.07,1237678905698877715,337.1788,8.10449,-99.0
ZTF18acbxsgy,9.098978,-9.341669,0.1,1237652948529578446,9.099419,-9.341227,-99.0
ZTF18accwjiu,156.6289,15.34085,0.03282,1237671261208772631,156.6319,15.34001,0.03281885
ZTF18acefgoc,123.9317,58.31484,0.027000000000000003,1237663789031948359,123.9368,58.32099,0.02705388
ZTF18accqcab,347.6011,10.73723,0.065,1237679036696887520,347.601,10.73783,-99.0
ZTF18aceyjco,185.0442,52.63168,0.09,1237657629529211046,185.0432,52.632,-99.0
ZTF18acemhyb,119.1423,30.17662,0.054000000000000006,1237657401336397899,119.1425,30.1757,0.05162032
ZTF18acdwazf,186.8193,35.80063,0.033319999999999995,1237665025979449592,186.821,35.80085,0.03320153
ZTF18acbxsge,9.8009,-5.200694,0.025,1237679322850328674,9.80125,-5.200503,-99.0
ZTF18achbymb,120.2214,21.7665,0.111,1237660956495118631,120.2209,21.76579,0.1113673
ZTF18acdzzyf,31.79528,-9.024626,0.0405,1237670956254560305,31.7935,-9.025253,0.04049838
ZTF18acejgrz,26.5368,33.795190000000005,0.116,1237678808532844936,26.5369,33.79525,-99.0
ZTF18achmxsx,27.98227,14.85157,0.084,1237649921118699667,27.98137,14.85283,0.08404417
ZTF18acefxko,129.1901,13.47044,0.06,1237667731271254543,129.1898,13.47088,-99.0
ZTF18acajkff,8.630172,10.53621,0.05,1237678907323121808,8.629952000000001,10.53943,-99.0
ZTF18acbzvqj,173.0908,35.55690999999999,0.03831,1237665026511470698,173.0919,35.55716,0.03830707
ZTF18aceathd,33.92406,-1.119768,0.0599,1237663782601621636,33.924440000000004,-1.120506,0.05992377
ZTF18acnbgrb,202.9837,44.13936,0.0335,1237661873482891502,202.9835,44.1405,0.03353007
ZTF18acnbeuu,142.4223,49.21245,0.102,1237657633799012580,142.4194,49.21235,0.10218630000000001
ZTF18acfwmqj,35.44359,31.71402,0.053,1237678894431601084,35.44385,31.71426,-99.0
ZTF18acqqyah,171.8384,59.63007,0.01706,1237658303818629175,171.83,59.62666,0.01706143
ZTF18aceexmi,115.8674,15.55289,0.1,1237664875113021529,115.8679,15.55285,-99.0
ZTF18acmwptq,11.36581,5.008369,0.08,1237678433793933434,11.36446,5.009443,-99.0
ZTF18acnbenl,169.9993,61.98193000000001,0.065,1237655370358784083,169.9999,61.98426,-99.0
ZTF18accnlji,140.3006,33.72283,0.09,1237661383844102410,140.3006,33.72278,-99.0
ZTF18acpeesd,181.8469,9.08422,0.09,1237671128056594641,181.8468,9.083941,-99.0
ZTF18acqxsyi,144.8692,26.93243,0.0636,1237667113871671407,144.869,26.93264000000001,0.0635812
ZTF18abqdadp,241.7625,15.59574,0.03955,1237665567692357886,241.7633,15.5931,0.039545300000000005
ZTF18abnvoel,260.814,77.84489,0.06,1237663229605314606,260.8123,77.84402,-99.0
ZTF18acpeemg,182.2842,14.85956,0.079,1237664290464137597,182.2841,14.85975,0.07904774
ZTF18acqpqph,204.8337,34.68882,0.023118,1237664671645630508,204.8338,34.68805,0.02316421
ZTF18acpscso,31.99076,-6.093389,0.065,1237679439886942327,31.99286,-6.092434,-99.0
ZTF18acmyxfx,67.57840999999999,-5.703111,0.06,1237649927026901440,67.5784,-5.702953,-99.0
ZTF18acrdlrp,157.4682,20.66936,0.019180000000000003,1237667783360380998,157.4678,20.669320000000006,0.01917908
ZTF18acrgydk,159.9545,47.60093,0.07247999999999999,1237658205041131666,159.9545,47.60092,0.07247815
ZTF18acrdmmw,171.8636,33.6173,0.05,1237665127465418838,171.8651,33.61525,0.04979017
ZTF18acpuxuh,63.47925,-6.2767230000000005,0.099,1237649961387229448,63.47953,-6.276584,-99.0
ZTF18aagrtxs,198.6061,50.97767,0.02791,1237661957757010031,198.6087,50.97918,0.02970885
ZTF18achjcwv,354.2325,2.970075,0.06,1237678619562803299,354.235,2.9686630000000003,-99.0
ZTF18acsxpmp,10.17891,30.046090000000003,0.076,1237680332717752860,10.17951,30.04517,-99.0
ZTF18acuefvt,150.6447,25.02801,0.07557,1237667253465514140,150.6452,25.02943,0.07557197
ZTF18achaqmd,353.3374,4.809605,0.017,1237678777401475378,353.3367,4.8108580000000005,-99.0
ZTF18acrxppd,156.5142,64.83667,0.03781,1237651272969158706,156.5145,64.83618,0.03678637
ZTF18abtgkdo,40.71513,21.51185,0.087,1237678585191989420,40.71511,21.51122,-99.0
ZTF18acsovsw,141.1573,25.39514,0.0328,1237667143404486939,141.159,25.39803,0.03279604
ZTF18acsyanq,20.96219,10.85901,0.06,1237678918066176202,20.96204,10.85908,-99.0
ZTF18acrxpxd,167.4202,59.40305,0.09,1237655108910973176,167.4205,59.40286999999999,-99.0
ZTF18acsoyiu,167.9312,40.81561,0.08,1237661966887616697,167.9317,40.82076,0.07814884
ZTF18acusueb,230.3702,15.13905,0.02242,1237667733990998053,230.3708,15.13759,0.02242037
ZTF18acxyarg,120.11,42.82145,0.04205,1237673310967562424,120.1104,42.8213,0.04083189
ZTF18acvwcig,212.7597,54.53043,0.102082,1237661387604557997,212.7622,54.53166,0.1018985
ZTF18acwyowc,206.9528,35.05879,0.076,1237662684142436383,206.9506,35.05774,0.07461534
ZTF18acybdar,176.0834,34.51473,0.0713,1237665024901841151,176.0834,34.51471,-99.0
ZTF18aczeesl,220.3872,48.20401,0.018000000000000002,1237659131136311811,220.3869,48.20411,-99.0
ZTF18aazblzy,242.8394,36.99428,0.06,1237659153679385362,242.8398,36.99208,-99.0
ZTF18aczenvx,163.7305,27.80243,0.1181,1237667253470756986,163.7302,27.80237,0.1181049
ZTF18abkhcrj,256.6514,24.54532,0.03823,1237661386013278608,256.6514,24.54539,0.038230300000000016
ZTF18abkudjo,227.0606,34.86824,0.09216,1237662307267772555,227.0613,34.86906,0.0921574
ZTF18adazbol,135.6518,11.486,0.105,1237671261199663263,135.6519,11.486,-99.0
ZTF18adazeua,150.5327,19.13989,0.09,1237667735568449847,150.5334,19.13996,0.09036711
ZTF18aczemzj,219.3894,8.078876,0.05,1237662237481304259,219.3873,8.078611,0.04988518
ZTF18acehilk,347.06699999999995,22.71218,0.036000000000000004,1237672764441231508,347.0666,22.71252,-99.0
ZTF18acdvvej,171.6676,22.28424,0.03,1237667735577231437,171.6671,22.28402,-99.0
ZTF18adbyxua,177.7421,10.3932,0.107,1237658493352149326,177.7421,10.39302,-99.0
